"filename", "language", "Python", "JSON", "comment", "blank", "total"
"/home/mjm/Documents/UBC/Research/biopsylocalization-new/biopsylocalization-python/python_files_dcm_meta_based/MC_prepper_funcs.py", "Python", 73, 0, 10, 26, 109
"/home/mjm/Documents/UBC/Research/biopsylocalization-new/biopsylocalization-python/python_files_dcm_meta_based/MC_simulator_MR.py", "Python", 139, 0, 32, 61, 232
"/home/mjm/Documents/UBC/Research/biopsylocalization-new/biopsylocalization-python/python_files_dcm_meta_based/MC_simulator_convex.py", "Python", -103, 0, 155, -18, 34
"/home/mjm/Documents/UBC/Research/biopsylocalization-new/biopsylocalization-python/python_files_dcm_meta_based/biopsy_localization_convex_main.py", "Python", 555, 0, 226, 249, 1030
"/home/mjm/Documents/UBC/Research/biopsylocalization-new/biopsylocalization-python/python_files_dcm_meta_based/biopsy_optimizer.py", "Python", 24, 0, 0, 9, 33
"/home/mjm/Documents/UBC/Research/biopsylocalization-new/biopsylocalization-python/python_files_dcm_meta_based/dataframe_builders.py", "Python", 272, 0, 22, 138, 432
"/home/mjm/Documents/UBC/Research/biopsylocalization-new/biopsylocalization-python/python_files_dcm_meta_based/lattice_reconstruction_tools.py", "Python", 81, 0, 60, 40, 181
"/home/mjm/Documents/UBC/Research/biopsylocalization-new/biopsylocalization-python/python_files_dcm_meta_based/math_funcs.py", "Python", 8, 0, 0, 4, 12
"/home/mjm/Documents/UBC/Research/biopsylocalization-new/biopsylocalization-python/python_files_dcm_meta_based/meshing_tools.py", "Python", 62, 0, 64, 50, 176
"/home/mjm/Documents/UBC/Research/biopsylocalization-new/biopsylocalization-python/python_files_dcm_meta_based/misc_tools.py", "Python", 57, 0, 17, 38, 112
"/home/mjm/Documents/UBC/Research/biopsylocalization-new/biopsylocalization-python/python_files_dcm_meta_based/mr_localizers.py", "Python", 46, 0, 6, 17, 69
"/home/mjm/Documents/UBC/Research/biopsylocalization-new/biopsylocalization-python/python_files_dcm_meta_based/plotting_funcs.py", "Python", 82, 0, 3, 37, 122
"/home/mjm/Documents/UBC/Research/biopsylocalization-new/biopsylocalization-python/python_files_dcm_meta_based/production_plots.py", "Python", 154, 0, 32, 106, 292
"/home/mjm/Documents/UBC/Research/biopsylocalization-new/biopsylocalization-python/python_files_dcm_meta_based/rich_preambles.py", "Python", 26, 0, 33, 12, 71
"/home/mjm/Documents/UBC/Research/biopsylocalization-new/biopsylocalization-python/python_files_dcm_meta_based/test_code.ipynb", "JSON", 0, 250, 0, 0, 250
"/home/mjm/Documents/UBC/Research/biopsylocalization-new/biopsylocalization-python/python_files_dcm_meta_based/uncertainty_file_writer.py", "Python", 77, 0, 3, 22, 102
"Total", "-", 1553, 250, 663, 791, 3257